{
  "meta": {
    "title": "Клуб: 14 дней роста",
    "version": "per-day",
    "start": {
      "currency": 50000,
      "reputation": 0
    },
    "ui": {
      "defaultImage": "img/intro.jpg",
      "backgroundMusic": "sounds/bg.mp3",
      "idleSound": "sounds/idle.mp3",
      "backgroundVolume": 0.07,
      "clickVolume": 0.7
    },
    "cooldowns": {
      "1": 1,
      "2": 3,
      "3": 5
    },
    "cooldownDefaultMin": 10,
    "cooldownTitle": "Перерыв",
    "cooldownText": "Между днями происходят события…"
  },

  "eventPools": {
    "mindset": {
      "cooldownTitle": "Перебираю идеи в голове",
      "cooldownText": "Нужно найти 'ту самую' идею. Попробую пораскинуть мозгами.",
      "cooldownMin": 1,
      "idleIntervalSec": 20,
      "events": [
        { "id": "ms6", "text": "Перебираю список своих увлечений." },
        { "id": "ms7", "text": "Мечтаю о деньгах." },
        { "id": "ms8", "text": "Проверяю, свободны ли домены." },
		{ "id": "ms9", "text": "Бездумно скроллю лентую" },
		{ "id": "ms10", "text": "Бездумно смотрю в потолок." },
		
		{ "id": "ms1", "text": "Вспоминаю, как ходил на турнир.", "chain": "ms_chain1", "next": "ms2", "once": true },
        { "id": "ms2", "text": "Достал майку, которую я поймал во время розыгрыша.", "inChain": "ms_chain1", "next": "ms3", "once": true  },
		{ "id": "ms3", "text": "На ней роспись одного из игроков. Это было круто.", "inChain": "ms_chain1", "next": "ms4", "once": true  },
		{ "id": "ms4", "text": "Смотрю на старые фото с турнира.", "inChain": "ms_chain1", "next": "ms5", "once": true  },
        { "id": "ms5", "text": "Убрал майку обратно в шкаф. Турниры - вещь интересная.", "inChain": "ms_chain1", "once": true  },

        {
          "id": "ms_kitchen",
          "text": "Пошёл на кухню за чаем.",
          "enterPool": {
            "count": 6,
            "events": [
              { "id": "k1", "text": "Смотрю в окно на компанию подростков." },
              { "id": "k2", "text": "Изучаю содержимое холодильника.", "weight": 1, "once": true  },
              { "id": "k3", "text": "Хожу по кухне и коридору назад - вперед." },
              { "id": "k4", "text": "А было бы классно собраться компанией на LAN-вечер...", "once": true }
            ]
          }
        }
      ]
    },

    "ps_search": {
      "cooldownTitle": "Перерыв: поиск в сети",
      "cooldownText": "Видео, статьи и немного котиков.",
      "cooldownMin": 1,
      "idleIntervalSec": 25,
      "events": [
        { "id": "pc_s1", "text": "Смотрю видео на Рутубе." },
        { "id": "pc_s2", "text": "Переключился на мемы с котиками." },
        { "id": "pc_s3", "text": "Читаю статьи на Пикабу." }
      ]
    },

    "discord": {
      "cooldownTitle": "Созвон с друзьями",
      "cooldownText": "Одна голова - хорошо. Но целый сервер - лучше. \n Для комиссии время перерыва уменьшено.",
      "cooldownMin": 1,
      "idleIntervalSec": 20,
      "events": [
        { "id": "ds_1", "text": "Перебираем истории из жизни." },
        { "id": "ds_2", "text": "Включили безумную музыку." },
        { "id": "ds_3", "text": "Отказываюсь идти играть. Даже одну." },
		{ "id": "ds_2", "text": "Обсуждаем игры." },
		{ "id": "ds_2", "text": "Обсуждаем насколько 'скатился' геймдев." },
		{ "id": "ds_2", "text": "О, нет. Такое нам не подойдет..." },
		{ "id": "ds_2", "text": "Обсуждаем деньги." },
		
		{ "id": "ds_talking", "text": "Вспомнили наш поход на киберспортивный турнир.", "chain": "ds_chain1", "next": "ds_talking_1", "once": true },
		{ "id": "ds_talking_1", "text": "В очередно раз вспомнили про наш проигрыш.", "chain": "ds_chain1", "next": "ds_talking_2", "once": true },
		{ "id": "ds_talking_2", "text": "Все равно бьло весело.", "chain": "ds_chain1", "next": "ds_talking_3", "once": true },
		{ "id": "ds_talking_3", "text": "Обсудили, что было бы весело собираться и играть в оффлайне.", "chain": "ds_chain1", "next": "ds_talking_4", "once": true },
		{ "id": "ds_talking_4", "text": "Закрыл окно из-за шумной компании на улице.", "chain": "ds_chain1", "once": true }
      ]
    }
  },

  "end_day": [
    {
      "day": 1,
      "startNodeId": "Welcome",
      "cooldownMin": 1,
      "idleIntervalSec": 10,
      "events": [
        { "text": "Устроил брейншторм. Пока что ничего...", "staticImage": "img/ui_main.jpg", "sound": "sounds/idle.mp3", "weight": 2 },
        { "text": "Черпаю вдохновение из названия любимых фильмов.", "staticImage": "img/ui_main.jpg", "weight": 2 },
        { "text": "Смотрю в окно.", "staticImage": "img/intro.jpg", "sound": "sounds/idle.mp3", "weight": 2 }
      ]
    },
    {
      "day": 2,
      "startNodeId": "d02",
      "events": [
        { "text": "Клиент запросил реквизиты — пригодился Р/С.", "weight": 4, "effects": { "reputation": 0 } },
        { "text": "Комиссия за обслуживание списана.", "weight": 3, "effects": { "currency": -300 } }
      ]
    }
  ],

  "nodes": [
    { "id": "Welcome", "type": "info", "speaker": "ГГ", "text": "Сколько себя помню, у меня всегда была мечта...", "label": "Далее", "nextId": "Welcome1" },
    { "id": "Welcome1", "type": "info", "speaker": "ГГ", "text": "Я с детства любил игры. ", "nextId": "Welcome2" },
    { "id": "Welcome2", "type": "info", "speaker": "ГГ", "text": "Меня увлекал процесс... соревнование... драйв.", "nextId": "Welcome3" },
    { "id": "Welcome3", "type": "info", "speaker": "ГГ", "text": "Я хочу связать свою жизнь с этим, но киберспорт - слишком сложная вещь для меня.", "nextId": "Welcome4" },
    { "id": "Welcome4", "type": "info", "speaker": "ГГ", "text": "Как было бы здорово собрать всех своих друзей под одной крышей и сыграть всем вместе.", "nextId": "Welcome5" },
    { "id": "Welcome5", "type": "info", "speaker": "ГГ", "text": "Как в старые добрые...", "nextId": "Welcome6" },
    { "id": "Welcome6", "type": "info", "speaker": "ГГ", "text": "Хорошая мечта...", "nextId": "Welcome7" },
    { "id": "Welcome7", "type": "info", "speaker": "ГГ", "text": "А что если можно просто взять и сделать это?", "nextId": "Welcome8" },
    { "id": "Welcome8", "type": "info", "speaker": "ГГ", "text": "Что если я смогу открыть мой собственный клуб?", "staticImage": "img/ui_main.jpg", "nextId": "Welcome9" },
    { "id": "Welcome9", "type": "info", "speaker": "ГГ", "text": "Турниры, атмосфера, люди…", "nextId": "Welcome10" },
    { "id": "Welcome10", "type": "info", "speaker": "ГГ", "text": "В конце концов - мечты сбываются, верно?", "nextId": "Welcome11" },
    { "id": "Welcome11", "type": "info", "speaker": "ГГ", "text": "Команда 1221 представляет.", "nextId": "Welcome12" },
    { "id": "Welcome12", "type": "info", "speaker": "ГГ", "text": "Я проснулся поздно сегодня. За окном льёт дождь. Меня разбудил звонок.", "staticImage": "img/intro.jpg", "nextId": "Phone" },

    {
      "id": "Phone",
      "type": "scene",
      "speaker": "ГГ",
      "text": "Зазвонил телефон.",
      "choices": [
        { "id": "a", "label": "НЕ брать трубку... Вдруг мошенники, да и я спать хочу...", "nextId": "Canceled_call" },
        { "id": "b", "label": "Поднять трубку", "nextId": "Picked_call" }
      ]
    },

    {
      "id": "Canceled_call",
      "type": "info",
      "speaker": "ГГ",
      "text": "Телефон продолжает разрываться.",
      "cooldownPoolId": "mindset",
      "nextId": "Canceled_call_1"
    },
    {
      "id": "Picked_call",
      "type": "info",
      "speaker": "ГГ",
      "text": "Поднять трубку.",
      "cooldownPoolId": "ps_search",
      "nextId": "__next_day__"
    },
	{ "id": "Canceled_call_1", "type": "info", "speaker": "ГГ", "text": "Кто-то очень назойлив... Ладно, отвечу. Сна всё равно уже ни в одном глазу...", "nextId": "Picked_call" },


    { "id": "d02", "type": "info", "speaker": "ГГ", "text": "День 2. Первые клиенты начинают проявлять интерес.", "staticImage": "img/ui_main.jpg", "nextId": "d02_scene1" },
    {
      "id": "d02_scene1",
      "type": "scene",
      "speaker": "ГГ",
      "text": "Как реагировать на запрос реквизитов?",
      "choices": [
        { "label": "Сразу отправить всё", "effects": { "reputation": 2 }, "sound": "sounds/events/rep_plus.mp3", "nextId": "d02_end_1" },
        { "label": "Задержать — не готов ещё", "effects": { "reputation": -3 }, "sound": "sounds/events/rep_minus.mp3", "nextId": "d02_end_2" }
      ]
    },
    { "id": "d02_end_1", "type": "info", "speaker": "Система", "text": "Клиент доволен оперативностью.", "sound": "sounds/events/rep_plus.mp3", "nextId": "__next_day__" },
    { "id": "d02_end_2", "type": "info", "speaker": "Система", "text": "Клиент недоволен задержкой.", "sound": "sounds/events/rep_minus.mp3", "nextId": "__next_day__" }
  ],

  "idleEvents": [
    { "text": "Смотрю в окно." },
    { "text": "Почесался." },
    { "text": "Притопываю ногой." }
  ]
}
