{
  "meta": {
    "title": "Клуб: 14 дней роста",
    "version": "per-day",
    "start": {
      "currency": 50000,
      "reputation": 0
    },
    "ui": {
      "defaultImage": "img/intro.jpg",
      "backgroundMusic": "sounds/bg.mp3",
      "idleSound": "sounds/idle.mp3",
      "backgroundVolume": 0.07,
      "clickVolume": 0.7
    },
    "cooldowns": {
      "1": 1,
      "2": 3,
      "3": 5
    },
    "cooldownDefaultMin": 10,
    "cooldownTitle": "Антон в процессе выполнения задачи",
    "cooldownText": "Между днями происходят события…"
  },

  "eventPools": {
    "Picked_call_event": {
      "cooldownTitle": "Медленно просыпаюсь от звонка",
      "cooldownText": "Телефон звонить не останавливаясь.",
      "cooldownMin": 1,
      "idleIntervalSec": 30,
	  "link": { "url": "https://www.gazprombank.ru/business/business-cards/", "label": "Нажмите для ознакомления с Бизнес-картой" },
      "events": [
        { "id": "Picked_call_event_1", "text": "Пытаюсь открыть глаза." },
        { "id": "Picked_call_event_2", "text": "Не могу найти телефон. Рукой шарю по столику." },
        { "id": "Picked_call_event_3", "text": "Тихо ругаюсь про себя." },
		{ "id": "Picked_call_event_4", "text": "Предполагаю, что это мошенники..." },
		{ "id": "Picked_call_event_5", "text": "Зеваю." }
      ]
    },

    "Budjet_events": {
      "cooldownTitle": "Обсуждаем наши ресурсы.",
      "cooldownText": "Одна голова - хорошо. Но две - лучше.",
      "cooldownMin": 1,
      "idleIntervalSec": 5,
      "events": [
        { "id": "ds_1", "text": "Думаем, где найти бюджет." },
        { "id": "ds_2", "text": "Спорим о заработке." },
        { "id": "ds_3", "text": "Разговариваем о том, каким будет клуб." },
		{ "id": "ds_2", "text": "Вспоминаем детство." },
		{ "id": "ds_2", "text": "Обсуждаем насколько 'скатился' геймдев." },
		{ "id": "ds_2", "text": "Изучаем стоимость аренды помещений." },
		{ "id": "ds_2", "text": "Смотрим стоимость компьютеров. Тех, которые 'потянут' игры." }
      ]
    }
  },

  "end_day": [
    {
      "day": 1,
      "startNodeId": "Welcome"
    },
    {
      "day": 2,
      "startNodeId": "Telephone"
    },
	    {
      "day": 3,
      "startNodeId": "Credit"
    }
  ],

  "nodes": [
	{ "id": "Welcome", "type": "info", "speaker": "Антон", "text": "Сколько себя помню, у меня всегда была мечта...", "label": "Далее", "nextId": "Welcome1" },
    { "id": "Welcome1", "type": "info", "speaker": "Антон", "text": "Я с детства любил игры. ", "nextId": "Welcome2" },
    { "id": "Welcome2", "type": "info", "speaker": "Антон", "text": "Меня увлекал процесс... соревнование... драйв.", "nextId": "Welcome3" },
    { "id": "Welcome3", "type": "info", "speaker": "Антон", "text": "Я хочу связать свою жизнь с этим, но киберспорт - слишком сложная вещь для меня.", "nextId": "Welcome4" },
    { "id": "Welcome4", "type": "info", "speaker": "Антон", "text": "Как было бы здорово собрать всех своих друзей под одной крышей и сыграть всем вместе.", "nextId": "Welcome5" },
    { "id": "Welcome5", "type": "info", "speaker": "Антон", "text": "Как в старые добрые...", "nextId": "Welcome6" },
    { "id": "Welcome6", "type": "info", "speaker": "Антон", "text": "Хорошая мечта.", "nextId": "Welcome7" },
    { "id": "Welcome7", "type": "info", "speaker": "Антон", "text": "В конце концов - мечты сбываются, верно?", "nextId": "Welcome8" },
    { "id": "Welcome8", "type": "info", "speaker": "Антон", "text": "Команда 1221 представляет.", "nextId": "Welcome9" },
    { "id": "Welcome9", "type": "info", "speaker": "Антон", "text": "За окном льёт дождь. Не хотел вставать в такую погоду, но меня разбудил зазвонивший телефон.", "staticImage": "img/intro.jpg", "nextId": "Phone" },

    {
      "id": "Phone",
      "type": "scene",
      "speaker": "Антон",
      "text": "Телефон не прекращает разрываться",
      "choices": [
        { "id": "a", "label": "Не брать трубку. Рано или поздно прекратят звонить.", "nextId": "Canceled_call" },
        { "id": "b", "label": "Поднять трубку. Вдруг что-то важное.", "nextId": "Picked_call" }
      ]
    },

    {
      "id": "Canceled_call",
      "type": "info",
      "speaker": "Антон",
      "text": "Звонок не прекращается.",
      "cooldownPoolId": "mindset",
      "nextId": "Canceled_call_1"
    },
	{ "id": "Canceled_call_1", "type": "info", "speaker": "Антон", "text": "Кто-то очень назойлив. Раз меня разбудили, выскажу все недовольство.", "nextId": "Picked_call" },
    {
      "id": "Picked_call",
      "type": "scene",
      "speaker": "Антон",
      "text": "Выбора нет...",
	   "choices": [
        { "id": "a", "label": "Поднять трубку", "nextId": "Picked_call_ev"}
      ]
    },
	   {
      "id": "Picked_call_ev",
      "type": "info",
      "speaker": "Антон",
      "text": "Поднимаю трубку",
      "cooldownPoolId": "Picked_call_event",
      "nextId": "__next_day__"
    },


    { "id": "Telephone", "type": "info", "speaker": "???", "text": "- Привет! Дружище, пора просыпаться!", "staticImage": "img/ui_main.jpg", "nextId": "Telephone1" },
    { "id": "Telephone1", "type": "info", "speaker": "Антон", "text": "Это Иван, мой давний товарищ. Кажется, впервые, я играл по сетке именно с ним, ещё когда был совсем ребёнком. \n Но теперь ему не до игр.", "staticImage": "img/ui_main.jpg", "nextId": "Telephone2" }, 
	{ "id": "Telephone2", "type": "info", "speaker": "Антон", "text": "- Привет. Ты чего звонишь вдруг?", "staticImage": "img/ui_main.jpg", "nextId": "Telephone3" }, 
	{ "id": "Telephone3", "type": "info", "speaker": "Иван", "text": "- Как чего, ты забыл? Мы договорились, что сегодня созвонимся - у тебя была супер-идея!", "staticImage": "img/ui_main.jpg", "nextId": "Telephone4" }, 
	{ "id": "Telephone4", "type": "info", "speaker": "Антон", "text": "Черт. Кажется, я рассказал ему о своей идее с клубом... Но, быть может, это и не плохо. У него больше опыта в таких делах. \n В конце концов, он ведь работает в банке", "staticImage": "img/ui_main.jpg", "nextId": "Telephone5" }, 
	{ "id": "Telephone5", "type": "info", "speaker": "Антон", "text": "- А, ты об этом... Слушай, я ведь просто так закинул...", "staticImage": "img/ui_main.jpg", "nextId": "Telephone6" }, 
	{ "id": "Telephone6", "type": "info", "speaker": "Иван", "text": "- Да ты что! Прекращай, ты прав абсолютно! Только вспомни, как здорово было в детстве в компах. Я истосковался по этому, если честно. ёИ нет, я не предлагаю тебе сходить в компы, я о твоей идее! Я всё обдумал, у меня есть план действий...", "staticImage": "img/ui_main.jpg", "nextId": "Telephone7" }, 	
	{ "id": "Telephone7", "type": "info", "speaker": "Антон", "text": "Ну вот, я влип, рассказал о своей идее человеку, который если вцепится, то не отпустит... У него ещё и план есть...", "staticImage": "img/ui_main.jpg", "nextId": "Telephone8" }, 	
	{ "id": "Telephone8", "type": "info", "speaker": "Иван", "text": "- Я серьёзно, слушай, мы можем это потянуть. Действительно можем. Сейчас компьютерные клубы достаточно популярны, да и лампово как будет. Ты только представь: откроем клуб, раскрутимся, проведем несколько ивентов... Глядишь может и сеть свою сможем устроить! Представь, что иы играем вместо основной работы! Потом и наших соберём всех...", "staticImage": "img/ui_main.jpg", "nextId": "Telephone9" }, 		
	{ "id": "Telephone9", "type": "info", "speaker": "Антон", "text": "Надо что-то ему ответить.", "staticImage": "img/ui_main.jpg", "nextId": "Telephone_choise" }, 
	
	{
      "id": "Telephone_choise",
      "type": "scene",
      "speaker": "Антон",
      "text": "Что ответим?",
      "choices": [
        { "id": "a", "label": "- Слушай, ну... Я думаю, мы можем попробовать.", "nextId": "Choise_ok" },
        { "id": "b", "label": "- Мне кажется, это не лучшая затея.", "nextId": "ChoiseNotOk" }
      ]
    },	   {
      "id": "Choise_ok",
      "type": "info",
      "speaker": "Антон",
      "text": "П- Отлично! Давай подобьём наши ресурсы, что у нас есть на руках сейчас, ок?",
      "cooldownPoolId": "Budjet_events",
      "nextId": "__next_day__"
    },

		
	{ "id": "ChoiseNotOk", "type": "info", "speaker": "Иван", "text": "- В СМЫСЛЕ НЕ ЛУЧШАЯ?", "staticImage": "img/ui_main.jpg", "nextId": "ChoiseNotOk1" },
	{ "id": "ChoiseNotOk1", "type": "info", "speaker": "Иван", "text": "- КОНЕЧНО ЛУЧШАЯ!", "staticImage": "img/ui_main.jpg", "nextId": "ChoiseNotOk2" },
	{ "id": "ChoiseNotOk2", "type": "info", "speaker": "Иван", "text": "- Игры, турниры, слава! О чем еще можно мечтать?", "staticImage": "img/ui_main.jpg", "nextId": "Telephone_choise2" },
    {
      "id": "Telephone_choise2",
      "type": "scene",
      "speaker": "Антон",
      "text": "Что ответим?",
      "choices": [
        { "id": "a", "label": "- Ладно. Все-таки мы можем попробовать.", "nextId": "Choise_ok" },
        { "id": "b", "label": "- Все же нет. Извини", "nextId": "Choise_end" }
      ]
    },

	{ "id": "Choise_end", "type": "ending", "speaker": "Система", "text": "Идея умерла даже не начавшись. Попробуете снова?", "sound": "sounds/events/rep_plus.mp3" },
	
	{ "id": "Credit", "type": "info", "speaker": "TEST", "text": "TEST", "staticImage": "img/ui_main.jpg", "nextId": "Credit1" },
		
	{ "id": "Credit1", "type": "info", "speaker": "TEST", "text": "TEST_1", "staticImage": "img/ui_main.jpg", "nextId": "__end_by_score__" }
  ],
  


  "idleEvents": [
    { "text": "Смотрю в окно." },
    { "text": "Почесался." },
    { "text": "Притопываю ногой." }
  ]
}
